[ {
  "id" : "1f77b80d-aedf-49d2-9dbb-45690cc5fd5d",
  "name" : "keycloak-admin-realm",
  "enabled" : true,
  "secret" : "6786b64a-6907-4d00-8528-6a6a2ed0585d",
  "allowedClaimsMask" : 0,
  "notBefore" : 0,
  "publicClient" : false,
  "realmId" : "keycloak-admin",
  "webOrigins" : [ ],
  "redirectUris" : [ ],
  "scopeIds" : [ ],
  "surrogateAuthRequired" : false,
  "bearerOnly" : true,
  "defaultRoles" : [ ]
}, {
  "id" : "b3c41eec-3410-4cef-bef7-c71846e35436",
  "name" : "account",
  "enabled" : true,
  "secret" : "97ca657c-ae47-4d33-88f2-1f3a6e8aafec",
  "allowedClaimsMask" : 0,
  "notBefore" : 0,
  "publicClient" : false,
  "realmId" : "keycloak-admin",
  "webOrigins" : [ ],
  "redirectUris" : [ "/auth/realms/keycloak-admin/account/*" ],
  "scopeIds" : [ ],
  "surrogateAuthRequired" : false,
  "bearerOnly" : false,
  "defaultRoles" : [ "view-profile", "manage-account" ]
}, {
  "id" : "5e6ea6ff-2e65-439b-8926-7cc13b89d090",
  "name" : "security-admin-console",
  "enabled" : true,
  "secret" : "b4392c7a-dab5-4469-b6d7-f5a4db153e7e",
  "allowedClaimsMask" : 0,
  "notBefore" : 0,
  "publicClient" : true,
  "realmId" : "keycloak-admin",
  "webOrigins" : [ ],
  "redirectUris" : [ "/auth/admin/keycloak-admin/console/*" ],
  "scopeIds" : [ "f6601958-4784-4360-b150-e8655887a5e9" ],
  "surrogateAuthRequired" : false,
  "baseUrl" : "/auth/admin/keycloak-admin/console/index.html",
  "bearerOnly" : false,
  "defaultRoles" : [ ]
}, {
  "id" : "725e74ec-87f1-4367-bbbe-44f6555e70a4",
  "name" : "ManagementRealm-realm",
  "enabled" : true,
  "secret" : "2a344c8d-0f76-4c6b-a2cf-58b62303ae0c",
  "allowedClaimsMask" : 0,
  "notBefore" : 0,
  "publicClient" : false,
  "realmId" : "keycloak-admin",
  "webOrigins" : [ ],
  "redirectUris" : [ ],
  "scopeIds" : [ ],
  "surrogateAuthRequired" : false,
  "bearerOnly" : true,
  "defaultRoles" : [ ]
}, {
  "id" : "066cf749-99c7-4dbc-b371-ead89875371e",
  "name" : "realm-management",
  "enabled" : true,
  "secret" : "a9da2768-8beb-4c9b-a44b-e89bf8b5d2a0",
  "allowedClaimsMask" : 0,
  "notBefore" : 0,
  "publicClient" : false,
  "realmId" : "6b542ab8-cfec-448f-99a7-2ef7c8b67083",
  "webOrigins" : [ ],
  "redirectUris" : [ ],
  "scopeIds" : [ ],
  "surrogateAuthRequired" : false,
  "bearerOnly" : true,
  "defaultRoles" : [ ]
}, {
  "id" : "869667f9-49a5-4e78-8044-f62c33e0d9cb",
  "name" : "account",
  "enabled" : true,
  "secret" : "444d42dc-c265-4846-a400-3ce126bd4c85",
  "allowedClaimsMask" : 0,
  "notBefore" : 0,
  "publicClient" : false,
  "realmId" : "6b542ab8-cfec-448f-99a7-2ef7c8b67083",
  "webOrigins" : [ ],
  "redirectUris" : [ "/auth/realms/ManagementRealm/account/*" ],
  "scopeIds" : [ ],
  "surrogateAuthRequired" : false,
  "bearerOnly" : false,
  "defaultRoles" : [ "view-profile", "manage-account" ]
}, {
  "id" : "76565b4e-0241-40be-8618-7d679cf7af59",
  "name" : "security-admin-console",
  "enabled" : true,
  "secret" : "4f6b4a87-c32e-43a4-a923-ba2b28c6ca8e",
  "allowedClaimsMask" : 0,
  "notBefore" : 0,
  "publicClient" : true,
  "realmId" : "6b542ab8-cfec-448f-99a7-2ef7c8b67083",
  "webOrigins" : [ ],
  "redirectUris" : [ "/auth/admin/ManagementRealm/console/*" ],
  "scopeIds" : [ "84d14f51-6c69-4cbd-9530-340dd8da6d84" ],
  "surrogateAuthRequired" : false,
  "baseUrl" : "/auth/admin/ManagementRealm/console/index.html",
  "bearerOnly" : false,
  "defaultRoles" : [ ]
}, {
  "id" : "a403dc15-cfb6-48d6-89e6-37a5d25700ad",
  "name" : "web-console",
  "enabled" : true,
  "secret" : "d9087e0f-4218-4980-bd87-4c6b557b8895",
  "allowedClaimsMask" : 2,
  "notBefore" : 0,
  "publicClient" : false,
  "realmId" : "6b542ab8-cfec-448f-99a7-2ef7c8b67083",
  "webOrigins" : [ ],
  "redirectUris" : [ "http://localhost:9990/console/*" ],
  "scopeIds" : [ ],
  "surrogateAuthRequired" : false,
  "bearerOnly" : false,
  "defaultRoles" : [ ]
}, {
  "id" : "6cc241a0-3bee-4a3c-af0f-1971903b31ac",
  "name" : "http-endpoint",
  "enabled" : true,
  "secret" : "b114222c-124e-407d-b27d-5732d0468d75",
  "allowedClaimsMask" : 2,
  "notBefore" : 0,
  "publicClient" : false,
  "realmId" : "6b542ab8-cfec-448f-99a7-2ef7c8b67083",
  "webOrigins" : [ ],
  "redirectUris" : [ "http://localhost:9990/management" ],
  "scopeIds" : [ ],
  "surrogateAuthRequired" : false,
  "bearerOnly" : false,
  "defaultRoles" : [ ]
} ]